property,version,outcome
ab-gte0,v1,P!
ab-gte0,v2,P!
ab-gte0,v3,N!
ab-gte0,v4,P!
ab-lte2,v1,P!
ab-lte2,v2,N!
ab-lte2,v3,UNK
ab-lte2,v4,P!
bb-gte0,v1,P!
bb-gte0,v2,N!
bb-gte0,v3,P!
bb-gte0,v4,P!
bb-lte2,v1,P!
bb-lte2,v2,UNK
bb-lte2,v3,N!
bb-lte2,v4,P!
candep,v1,P!
candep,v2,P!
candep,v3,N!
candep,v4,P!
cannotdep,v1,P!
cannotdep,v2,N!
cannotdep,v3,N!
cannotdep,v4,P!
cb-gte0,v1,P!
cb-gte0,v2,P!
cb-gte0,v3,P!
cb-gte0,v4,P!
cb-lte2,v1,P!
cb-lte2,v2,N!
cb-lte2,v3,N!
cb-lte2,v4,P!
